Node1,Node2,Type
Jonathan Sims,Martin Blackwood,r
Jonathan Sims,Elias Bouchard,e
Jonathan Sims,Tim Stroker,w
Jonathan Sims,Sasha James,w
Jonathan Sims,Daisy Tonner,p
Jonathan Sims,Basira Hussain,w
Jonathan Sims,Annabelle Cane,e
Jonathan Sims,Georgie Barker,r
Jonathan Sims,Gertrude Robinson,w
Jonathan Sims,Jude Perry,e
Jonathan Sims,Melanie King,w
Jonathan Sims,Oliver Banks,p
Jonathan Sims,Nicola Orsinov,e
Jonathan Sims,Julia Montauk,e
Jonathan Sims,Helen Richardson,p
Martin Blackwood,Elias Bouchard,e
Martin Blackwood,Peter Lukas,e
Martin Blackwood,Tim Stroker,p
Martin Blackwood,Sasha James,p
Martin Blackwood,Daisy Tonner,w
Martin Blackwood,Basira Hussain,w
Martin Blackwood,Georgie Barker,p
Martin Blackwood,Jane Prentiss,e
Martin Blackwood,Melanie King,w
Elias Bouchard,Peter Lukas,r
Elias Bouchard,Tim Stroker,e
Elias Bouchard,Sasha James,w
Elias Bouchard,Daisy Tonner,e
Elias Bouchard,Basira Hussain,e
Elias Bouchard,Mary Keay,e
Elias Bouchard,Gertrude Robinson,e
Elias Bouchard,Jane Prentiss,p
Elias Bouchard,Jurgen Leitner,e
Elias Bouchard,Melanie King,e
Elias Bouchard,Eric Delano,e
Peter Lukas,Daisy Tonner,w
Peter Lukas,Basira Hussain,w
Peter Lukas,Gertrude Robinson,e
Peter Lukas,Melanie King,e
Peter Lukas,Helen Richardson,e
Tim Stroker,Sasha James,r
Tim Stroker,Gertrude Robinson,w
Tim Stroker,Daisy Tonner,w
Tim Stroker,Basira Hussain,w
Tim Stroker,Jane Prentiss,e
Tim Stroker,Micheal Shelley,e
Tim Stroker,Sarah Baldwin,e
Tim Stroker,Nicola Orsinov,e
Tim Stroker,Helen Richardson,w
Sasha James,Gertrude Robinson,w
Sasha James,Melanie King,p
Sasha James,Micheal Shelley,w
Sasha James,Sarah Baldwin,e
Sasha James,Nicola Orsinov,e
Daisy Tonner,Basira Hussain,r
Daisy Tonner,Melanie King,p
Daisy Tonner,Nicola Orsinov,e
Daisy Tonner,Julia Montauk,e
Daisy Tonner,Helen Richardson,w
Basira Hussain,Annabelle Cane,e
Basira Hussain,Georgie Barker,p
Basira Hussain,Melanie King,p
Basira Hussain,Robert Montauk,e
Basira Hussain,Helen Richardson,w
Annabelle Cane,Gerard Keay,e
Annabelle Cane,Gertrude Robinson,e
Annabelle Cane,Agnes Montague,e
Georgie Barker,Melanie King,r
Georgie Barker,Oliver Banks,e
Gerard Keay,Mary Keay,f
Gerard Keay,Gertrude Robinson,e
Gerard Keay,Jurgen Leitner,e
Gerard Keay,Micheal Shelley,r
Gerard Keay,Trevor Herbert,e
Gerard Keay,Julia Montauk,e
Gerard Keay,Eric Delano,f
Mary Keay,Gertrude Robinson,e
Mary Keay,Jurgen Leitner,w
Mary Keay,Eric Delano,e
Gertrude Robinson,Jude Perry,e
Gertrude Robinson,Agnes Montague,r
Gertrude Robinson,Jurgen Leitner,w
Gertrude Robinson,Eric Delano,w
Gertrude Robinson,Micheal Shelley,e
Gertrude Robinson,Oliver Banks,p
Jude Perry,Agnes Montague,r
Jurgen Leitner,Eric Delano,e
Melanie King,Sarah Baldwin,e
Melanie King,Nicola Orsinov,e
Melanie King,Helen Richardson,w
Micheal Shelley,Nicola Orsinov,e
Micheal Shelley,Helen Richardson,e
Sarah Baldwin,Nicola Orsinov,w
Nicola Orsinov,Helen Richardson,e
Robert Montauk,Julia Montauk,f
Jared Hopworth,Jonathan Sims,w
Jared Hopworth,Melanie King,e
Sebastian Adekoya,Jared Hopworth,e
